INSERT INTO users VALUES('013f3031-a815-4fe1-b7a0-3d9f611dddc8','Chief','Chief','$2a$10$CE5VeFOfn1eyGi1hZiGCwe298HJVe6l0TKt.AM8D4IdDdNl6dAqyq',NULL,0,'2020-12-19 10:26:14.227 +00:00','2021-04-27 16:06:00.604 +00:00');
INSERT INTO users VALUES('117cf051-5231-4159-b8ed-1a5d1a033566','User','User','$2a$10$Q.SgyVBfJOnKjy1vOnbjeuAN0UV3dl9onz5IACFEczNUmHF5g3etW',NULL,0,'2021-01-04 17:51:05.032 +00:00','2021-04-27 16:05:40.704 +00:00');
INSERT INTO users VALUES('487f09b0-546c-4235-9e6f-dc867c74ff83','Accountant','Accountant','$2a$10$emfp0VnstaI1lZ2vXOFph.55K/2fNattC/XrrjeLWFQ0v1AAwB5Se',NULL,0,'2021-01-04 17:51:51.264 +00:00','2021-04-27 16:05:32.824 +00:00');
INSERT INTO roles VALUES('160f08ac-ab1e-425e-91ff-36f7fdc3220d','Chief','2020-12-19 10:25:57.174 +00:00','2021-04-27 16:04:22.285 +00:00');
INSERT INTO roles VALUES('d85c8a61-2d7d-4ea1-8395-51163a82fed1','User','2021-01-04 16:57:22.025 +00:00','2021-04-27 16:03:49.153 +00:00');
INSERT INTO roles VALUES('3d371c0c-10ba-45f4-aba7-ab3dffc6a1f8','Accountant','2021-01-04 17:13:52.479 +00:00','2021-04-27 16:03:42.065 +00:00');
INSERT INTO userRoles VALUES('0eca33b2-33c4-44d3-9ac2-ba413da065f4',1,'2021-01-04 16:58:23.803 +00:00','2021-01-04 16:58:23.815 +00:00','d85c8a61-2d7d-4ea1-8395-51163a82fed1',NULL);
INSERT INTO userRoles VALUES('bf519f22-ae39-4ad7-97cc-8f1fcec43a78',1,'2021-01-04 17:14:47.727 +00:00','2021-01-04 17:14:47.736 +00:00','3d371c0c-10ba-45f4-aba7-ab3dffc6a1f8',NULL);
INSERT INTO userRoles VALUES('68771d6e-cc51-4084-af9a-59d2eabc2fa5',1,'2021-01-04 17:51:51.314 +00:00','2021-04-27 16:05:32.840 +00:00','3d371c0c-10ba-45f4-aba7-ab3dffc6a1f8','487f09b0-546c-4235-9e6f-dc867c74ff83');
INSERT INTO userRoles VALUES('d55f57c5-86b3-4e14-b9b6-d9222fe6dea7',1,'2021-01-04 17:51:05.047 +00:00','2021-04-27 16:05:40.724 +00:00','d85c8a61-2d7d-4ea1-8395-51163a82fed1','117cf051-5231-4159-b8ed-1a5d1a033566');
INSERT INTO userRoles VALUES('7f20f199-48ad-4d7e-9476-e6a5f057bc75',1,'2020-12-19 10:26:14.237 +00:00','2021-04-27 16:06:00.621 +00:00','160f08ac-ab1e-425e-91ff-36f7fdc3220d','013f3031-a815-4fe1-b7a0-3d9f611dddc8');
INSERT INTO userTokens VALUES('111071a8-2961-490a-ae3d-dc1f08a309b7',1,'device-973004','eyJhbGciOiJIUzI1NiIsInR5cCI6IkpXVCJ9.eyJ1dWlkIjoiNDg3ZjA5YjAtNTQ2Yy00MjM1LTllNmYtZGM4NjdjNzRmZjgzIiwicm9sZXMiOlsiM2QzNzFjMGMtMTBiYS00NWY0LWFiYTctYWIzZGZmYzZhMWY4Il0sInRpdGxlIjoi0JHRg9GF0LPQsNC70YLQtdGAIiwidXNlcm5hbWUiOiLQkdGD0YXQs9Cw0LvRgtC10YAiLCJpYXQiOjE2MDk5NjEyNzUsImV4cCI6MTYwOTk2MzA3NX0.L2X291PDSTJqfYTA7TJxvk9yo3iXatKLeQjDq447fbU','2021-01-04 18:16:39.463 +00:00','2021-01-06 19:27:55.830 +00:00','487f09b0-546c-4235-9e6f-dc867c74ff83');
INSERT INTO userTokens VALUES('1596c014-5b33-4686-8476-7964c6cddf0a',1,'device-973004','eyJhbGciOiJIUzI1NiIsInR5cCI6IkpXVCJ9.eyJ1dWlkIjoiMTE3Y2YwNTEtNTIzMS00MTU5LWI4ZWQtMWE1ZDFhMDMzNTY2Iiwicm9sZXMiOlsiZDg1YzhhNjEtMmQ3ZC00ZWExLTgzOTUtNTExNjNhODJmZWQxIl0sInRpdGxlIjoi0J_QvtC70YzQt9C-0LLQsNGC0LXQu9GMIiwidXNlcm5hbWUiOiLQn9C-0LvRjNC30L7QstCw0YLQtdC70YwiLCJpYXQiOjE2MTM3NDMyMjMsImV4cCI6MTYxMzc0NTAyM30.a3R7AQeMsrjIy7qJkUAbgE0XdvRxPU9sZLbO-rcoPvk','2021-01-04 17:52:47.012 +00:00','2021-02-19 14:00:23.489 +00:00','117cf051-5231-4159-b8ed-1a5d1a033566');
INSERT INTO userTokens VALUES('6821e8cd-c5c5-4b1a-bdb8-b547b4c45908',2,'device-910664','eyJhbGciOiJIUzI1NiIsInR5cCI6IkpXVCJ9.eyJ1dWlkIjoiMTE3Y2YwNTEtNTIzMS00MTU5LWI4ZWQtMWE1ZDFhMDMzNTY2Iiwicm9sZXMiOlsiZDg1YzhhNjEtMmQ3ZC00ZWExLTgzOTUtNTExNjNhODJmZWQxIl0sInRpdGxlIjoi0J_QvtC70YzQt9C-0LLQsNGC0LXQu9GMIiwidXNlcm5hbWUiOiLQn9C-0LvRjNC30L7QstCw0YLQtdC70YwiLCJpYXQiOjE2MTI1NDA3MjYsImV4cCI6MTYxMjU0MjUyNn0.kBmhslM9BLmtE4JlLxdN7KlA1OClxQS8MbMFRvJ0Cpo','2021-02-05 15:58:46.087 +00:00','2021-02-19 14:00:23.489 +00:00','117cf051-5231-4159-b8ed-1a5d1a033566');
INSERT INTO userTokens VALUES('c448ca4e-8bd0-404f-9802-acbbf75ebfcb',1,'device-973004','eyJhbGciOiJIUzI1NiIsInR5cCI6IkpXVCJ9.eyJ1dWlkIjoiMDEzZjMwMzEtYTgxNS00ZmUxLWI3YTAtM2Q5ZjYxMWRkZGM4Iiwicm9sZXMiOlsiMTYwZjA4YWMtYWIxZS00MjVlLTkxZmYtMzZmN2ZkYzMyMjBkIl0sInRpdGxlIjoiQ2hpZWYiLCJ1c2VybmFtZSI6IkNoaWVmIiwiaWF0IjoxNjE5NTQzNDI5LCJleHAiOjE2MTk1NDUyMjl9.uO5_0XwUt1tcdTA-7ONMZYhoxLNoD7a1euIQgk_w3qg','2020-12-19 10:26:36.881 +00:00','2021-04-27 17:10:30.013 +00:00','013f3031-a815-4fe1-b7a0-3d9f611dddc8');
INSERT INTO userTokens VALUES('a64ccfde-c9c2-4e3b-a33f-e35a35111769',2,'device-910664','eyJhbGciOiJIUzI1NiIsInR5cCI6IkpXVCJ9.eyJ1dWlkIjoiMDEzZjMwMzEtYTgxNS00ZmUxLWI3YTAtM2Q5ZjYxMWRkZGM4Iiwicm9sZXMiOlsiMTYwZjA4YWMtYWIxZS00MjVlLTkxZmYtMzZmN2ZkYzMyMjBkIl0sInRpdGxlIjoi0KDRg9C60L7QstC-0LTQuNGC0LXQu9GMIiwidXNlcm5hbWUiOiLQoNGD0LrQvtCy0L7QtNC40YLQtdC70YwiLCJpYXQiOjE2MTI1NDA0NzgsImV4cCI6MTYxMjU0MjI3OH0.cmaGix-2BuEWnuiGzg_a5KYKbD4OeYgQAQ_orZ9TrtA','2021-02-05 15:54:38.853 +00:00','2021-04-27 17:10:30.013 +00:00','013f3031-a815-4fe1-b7a0-3d9f611dddc8');
INSERT INTO roleRights VALUES('55919c95-cb0c-49fd-86c9-08a0f15b9036',1,'ProductRecord',1,1,1,1,'2021-01-04 17:47:34.614 +00:00','2021-04-27 16:03:42.096 +00:00','3d371c0c-10ba-45f4-aba7-ab3dffc6a1f8');
INSERT INTO roleRights VALUES('6042ea9e-f1ac-4d4d-a34a-5b47b89dddeb',2,'MoneyRecord',1,1,1,1,'2021-01-04 17:47:34.614 +00:00','2021-04-27 16:03:42.096 +00:00','3d371c0c-10ba-45f4-aba7-ab3dffc6a1f8');
INSERT INTO roleRights VALUES('86521442-027a-400c-9af3-56a0f109a974',3,'DebtRecord',1,1,1,1,'2021-01-04 17:47:34.614 +00:00','2021-04-27 16:03:42.096 +00:00','3d371c0c-10ba-45f4-aba7-ab3dffc6a1f8');
INSERT INTO roleRights VALUES('3eed6e7e-1ee3-4353-8af2-aa1e72d3c3bf',4,'Cashbox',1,1,1,1,'2021-01-04 17:47:34.614 +00:00','2021-04-27 16:03:42.096 +00:00','3d371c0c-10ba-45f4-aba7-ab3dffc6a1f8');
INSERT INTO roleRights VALUES('a102ce46-53eb-4f3f-8dc0-7d067e86f11e',5,'PriceType',1,1,1,1,'2021-01-04 17:47:34.614 +00:00','2021-04-27 16:03:42.096 +00:00','3d371c0c-10ba-45f4-aba7-ab3dffc6a1f8');
INSERT INTO roleRights VALUES('b463b900-0487-4237-8a25-a9fc64841292',6,'PriceList',1,1,1,1,'2021-01-04 17:47:34.614 +00:00','2021-04-27 16:03:42.096 +00:00','3d371c0c-10ba-45f4-aba7-ab3dffc6a1f8');
INSERT INTO roleRights VALUES('d8beaf49-a6cc-422f-8153-231b5746c2f1',7,'Product',1,1,1,1,'2021-01-04 17:47:34.614 +00:00','2021-04-27 16:03:42.096 +00:00','3d371c0c-10ba-45f4-aba7-ab3dffc6a1f8');
INSERT INTO roleRights VALUES('ee824e86-d773-4a0e-9f06-7204fcca9bc0',8,'Receipt',1,1,1,1,'2021-01-04 17:47:34.614 +00:00','2021-04-27 16:03:42.096 +00:00','3d371c0c-10ba-45f4-aba7-ab3dffc6a1f8');
INSERT INTO roleRights VALUES('2fa074ab-0624-4157-8c4a-3762774500cf',9,'Expense',1,1,1,1,'2021-01-04 17:47:34.614 +00:00','2021-04-27 16:03:42.096 +00:00','3d371c0c-10ba-45f4-aba7-ab3dffc6a1f8');
INSERT INTO roleRights VALUES('487be781-4b45-4407-9db4-8cfb2e5c4171',10,'Payment',1,1,1,1,'2021-01-04 17:47:34.614 +00:00','2021-04-27 16:03:42.096 +00:00','3d371c0c-10ba-45f4-aba7-ab3dffc6a1f8');
INSERT INTO roleRights VALUES('66539ac1-4e1c-46db-a49a-db83e7bca222',11,'Client',1,1,1,1,'2021-01-04 17:47:34.614 +00:00','2021-04-27 16:03:42.096 +00:00','3d371c0c-10ba-45f4-aba7-ab3dffc6a1f8');
INSERT INTO roleRights VALUES('25237413-5c09-4f45-ad63-20a6cdb87b80',12,'Order',1,1,1,1,'2021-01-04 17:47:34.614 +00:00','2021-04-27 16:03:42.096 +00:00','3d371c0c-10ba-45f4-aba7-ab3dffc6a1f8');
INSERT INTO roleRights VALUES('b8b9587b-9817-4849-b425-7dd587171b54',13,'ExtraFieldsList',1,0,1,0,'2021-01-04 18:18:00.004 +00:00','2021-04-27 16:03:42.096 +00:00','3d371c0c-10ba-45f4-aba7-ab3dffc6a1f8');
INSERT INTO roleRights VALUES('f0e41203-3ad7-4028-b530-078d30df23a9',14,'Settings',1,0,1,0,'2021-01-04 18:18:00.004 +00:00','2021-04-27 16:03:42.096 +00:00','3d371c0c-10ba-45f4-aba7-ab3dffc6a1f8');
INSERT INTO roleRights VALUES('fa53dff1-8e35-4b1e-b014-43f252f16d92',15,'SaleSchema',1,0,1,0,'2021-01-04 18:18:00.004 +00:00','2021-04-27 16:03:42.096 +00:00','3d371c0c-10ba-45f4-aba7-ab3dffc6a1f8');
INSERT INTO roleRights VALUES('b0cf964a-e343-4faa-9d7c-595a2797e150',16,'Invoice',1,1,1,1,'2021-02-19 13:25:23.922 +00:00','2021-04-27 16:03:42.096 +00:00','3d371c0c-10ba-45f4-aba7-ab3dffc6a1f8');
INSERT INTO roleRights VALUES('3ec1a44d-3ed7-4db9-b6ca-8aad8d34c859',1,'DealComment',1,1,1,1,'2021-01-04 17:49:59.584 +00:00','2021-04-27 16:03:49.186 +00:00','d85c8a61-2d7d-4ea1-8395-51163a82fed1');
INSERT INTO roleRights VALUES('bb599ebb-1a56-42d6-804b-004f523d54a8',2,'Contact',1,1,1,1,'2021-01-04 17:49:59.584 +00:00','2021-04-27 16:03:49.186 +00:00','d85c8a61-2d7d-4ea1-8395-51163a82fed1');
INSERT INTO roleRights VALUES('87bd3efc-9e48-4999-8c46-fe6d1b30579f',3,'Deal',1,1,1,0,'2021-01-04 17:49:59.584 +00:00','2021-04-27 16:03:49.186 +00:00','d85c8a61-2d7d-4ea1-8395-51163a82fed1');
INSERT INTO roleRights VALUES('dc6eb04d-39b5-4bd9-a4ec-962d29bad35a',4,'Task',1,1,1,1,'2021-01-04 17:49:59.584 +00:00','2021-04-27 16:03:49.186 +00:00','d85c8a61-2d7d-4ea1-8395-51163a82fed1');
INSERT INTO roleRights VALUES('767f6ba9-7f28-43dc-9a53-a6abfa821be3',5,'Client',1,1,1,0,'2021-01-04 17:49:59.584 +00:00','2021-04-27 16:03:49.186 +00:00','d85c8a61-2d7d-4ea1-8395-51163a82fed1');
INSERT INTO roleRights VALUES('fb57787b-0093-496a-bd77-494725035e51',6,'Order',1,0,1,0,'2021-01-04 17:49:59.584 +00:00','2021-04-27 16:03:49.186 +00:00','d85c8a61-2d7d-4ea1-8395-51163a82fed1');
INSERT INTO roleRights VALUES('7b924327-cf86-4643-830f-8dba02c37738',7,'SaleSchema',1,0,1,0,'2021-01-04 17:54:18.243 +00:00','2021-04-27 16:03:49.186 +00:00','d85c8a61-2d7d-4ea1-8395-51163a82fed1');
INSERT INTO roleRights VALUES('59f95a43-5f72-4610-a990-686cc02b0582',8,'Settings',1,0,0,0,'2021-01-04 18:12:56.903 +00:00','2021-04-27 16:03:49.186 +00:00','d85c8a61-2d7d-4ea1-8395-51163a82fed1');
INSERT INTO roleRights VALUES('92f3feec-69c8-4d32-adce-9a8150466a67',9,'ExtraFieldsList',1,0,1,0,'2021-01-04 18:12:56.903 +00:00','2021-04-27 16:03:49.186 +00:00','d85c8a61-2d7d-4ea1-8395-51163a82fed1');
INSERT INTO roleRights VALUES('bbcbf603-288e-4904-9e1e-dd548ec0ec1d',10,'Invoice',1,1,1,0,'2021-02-19 13:25:52.728 +00:00','2021-04-27 16:03:49.186 +00:00','d85c8a61-2d7d-4ea1-8395-51163a82fed1');
INSERT INTO roleRights VALUES('162ca2ce-8798-43f6-892e-9e4718c35d93',11,'Product',1,0,1,0,'2021-02-19 13:58:32.473 +00:00','2021-04-27 16:03:49.186 +00:00','d85c8a61-2d7d-4ea1-8395-51163a82fed1');
INSERT INTO roleRights VALUES('600be4e2-7af1-4897-99ac-6bd443185a40',12,'PriceList',1,0,1,0,'2021-02-19 14:00:16.997 +00:00','2021-04-27 16:03:49.186 +00:00','d85c8a61-2d7d-4ea1-8395-51163a82fed1');
INSERT INTO roleRights VALUES('c8bb3498-27a3-443f-8afa-1a12fefb8b2d',1,'User',1,1,1,1,'2021-01-04 17:50:22.554 +00:00','2021-04-27 16:04:22.340 +00:00','160f08ac-ab1e-425e-91ff-36f7fdc3220d');
INSERT INTO roleRights VALUES('f95f47d3-04f4-4250-8ca6-0d0e4cd47104',2,'Role',1,1,1,1,'2021-01-04 17:50:22.554 +00:00','2021-04-27 16:04:22.340 +00:00','160f08ac-ab1e-425e-91ff-36f7fdc3220d');
INSERT INTO roleRights VALUES('47dcb0ae-f3fb-4a4b-895f-9325a8bf96e1',3,'PrintTemplate',1,1,1,1,'2021-01-04 17:50:22.554 +00:00','2021-04-27 16:04:22.340 +00:00','160f08ac-ab1e-425e-91ff-36f7fdc3220d');
INSERT INTO roleRights VALUES('21959980-2049-424b-9d5c-0f59ced4fd98',4,'Print',1,1,1,1,'2021-01-04 17:50:22.554 +00:00','2021-04-27 16:04:22.340 +00:00','160f08ac-ab1e-425e-91ff-36f7fdc3220d');
INSERT INTO roleRights VALUES('b42e775f-eec1-489f-9f31-d9eed1c2b323',5,'EntityDescription',1,1,1,1,'2021-01-04 17:50:22.554 +00:00','2021-04-27 16:04:22.340 +00:00','160f08ac-ab1e-425e-91ff-36f7fdc3220d');
INSERT INTO roleRights VALUES('bc6fbf9c-97c8-4914-8b90-1cbfb8a04a0e',6,'Settings',1,1,1,1,'2021-01-04 17:50:22.554 +00:00','2021-04-27 16:04:22.340 +00:00','160f08ac-ab1e-425e-91ff-36f7fdc3220d');
INSERT INTO roleRights VALUES('cabf3f2e-ef3c-49ae-b75f-da905e7c9209',7,'Import',1,1,1,1,'2021-01-04 17:50:22.554 +00:00','2021-04-27 16:04:22.340 +00:00','160f08ac-ab1e-425e-91ff-36f7fdc3220d');
INSERT INTO roleRights VALUES('48e2fcf2-d070-4ee0-abb6-e0374b6a4e81',8,'Trigger',1,1,1,1,'2021-01-04 17:50:22.554 +00:00','2021-04-27 16:04:22.340 +00:00','160f08ac-ab1e-425e-91ff-36f7fdc3220d');
INSERT INTO roleRights VALUES('8b3b5146-97fe-4942-a820-8dfde8ecf626',9,'ExtraFieldsList',1,1,1,1,'2021-01-04 17:50:22.554 +00:00','2021-04-27 16:04:22.340 +00:00','160f08ac-ab1e-425e-91ff-36f7fdc3220d');
INSERT INTO roleRights VALUES('e47fa6f9-dbc1-4a57-a8f2-967ea876f27f',10,'ExtraFieldValuesList',1,1,1,1,'2021-01-04 17:50:22.554 +00:00','2021-04-27 16:04:22.340 +00:00','160f08ac-ab1e-425e-91ff-36f7fdc3220d');
INSERT INTO roleRights VALUES('51445cd2-0f2d-42b1-8c07-d9752c068432',11,'EntityFieldsValuesList',1,1,1,1,'2021-01-04 17:50:22.554 +00:00','2021-04-27 16:04:22.340 +00:00','160f08ac-ab1e-425e-91ff-36f7fdc3220d');
INSERT INTO roleRights VALUES('e8386309-0790-4034-90b8-6b1ddc4988a6',12,'DealComment',1,1,1,1,'2021-01-04 17:50:22.554 +00:00','2021-04-27 16:04:22.340 +00:00','160f08ac-ab1e-425e-91ff-36f7fdc3220d');
INSERT INTO roleRights VALUES('7bef0396-3787-4e35-96c0-4f95a800ae3f',13,'Contact',1,1,1,1,'2021-01-04 17:50:22.554 +00:00','2021-04-27 16:04:22.340 +00:00','160f08ac-ab1e-425e-91ff-36f7fdc3220d');
INSERT INTO roleRights VALUES('99d0aa78-862c-4acb-bf4b-41090831b0c3',14,'SaleSchema',1,1,1,1,'2021-01-04 17:50:22.554 +00:00','2021-04-27 16:04:22.340 +00:00','160f08ac-ab1e-425e-91ff-36f7fdc3220d');
INSERT INTO roleRights VALUES('c5a3ea19-647b-4aa2-b91c-4d1c9d3397cf',15,'Deal',1,1,1,1,'2021-01-04 17:50:22.554 +00:00','2021-04-27 16:04:22.340 +00:00','160f08ac-ab1e-425e-91ff-36f7fdc3220d');
INSERT INTO roleRights VALUES('5f1bbcd2-2963-4609-ab13-5028c80f74bf',16,'Task',1,1,1,1,'2021-01-04 17:50:22.554 +00:00','2021-04-27 16:04:22.340 +00:00','160f08ac-ab1e-425e-91ff-36f7fdc3220d');
INSERT INTO roleRights VALUES('c7854fba-90f7-4b84-aba2-ee2fed9dd44c',17,'ProductRecord',1,1,1,1,'2021-01-04 17:50:22.554 +00:00','2021-04-27 16:04:22.340 +00:00','160f08ac-ab1e-425e-91ff-36f7fdc3220d');
INSERT INTO roleRights VALUES('eb0fabc2-12f1-4abb-a5ae-90675173b4fd',18,'MoneyRecord',1,1,1,1,'2021-01-04 17:50:22.554 +00:00','2021-04-27 16:04:22.340 +00:00','160f08ac-ab1e-425e-91ff-36f7fdc3220d');
INSERT INTO roleRights VALUES('98e1920c-e359-46dd-b20f-1b182ed6b269',19,'DebtRecord',1,1,1,1,'2021-01-04 17:50:22.554 +00:00','2021-04-27 16:04:22.340 +00:00','160f08ac-ab1e-425e-91ff-36f7fdc3220d');
INSERT INTO roleRights VALUES('5bfd12f1-f3bf-4e3b-8d8d-c5860de219e1',20,'Note',1,1,1,1,'2021-01-04 17:50:22.554 +00:00','2021-04-27 16:04:22.340 +00:00','160f08ac-ab1e-425e-91ff-36f7fdc3220d');
INSERT INTO roleRights VALUES('f2931aa0-f919-4544-8f7e-3096c098d71e',21,'Cashbox',1,1,1,1,'2021-01-04 17:50:22.554 +00:00','2021-04-27 16:04:22.340 +00:00','160f08ac-ab1e-425e-91ff-36f7fdc3220d');
INSERT INTO roleRights VALUES('e259fbce-4ce2-46d5-a9e2-5845e78a121d',22,'PriceType',1,1,1,1,'2021-01-04 17:50:22.554 +00:00','2021-04-27 16:04:22.340 +00:00','160f08ac-ab1e-425e-91ff-36f7fdc3220d');
INSERT INTO roleRights VALUES('b02c0523-4499-415d-8774-596017d930f5',23,'PriceList',1,1,1,1,'2021-01-04 17:50:22.554 +00:00','2021-04-27 16:04:22.340 +00:00','160f08ac-ab1e-425e-91ff-36f7fdc3220d');
INSERT INTO roleRights VALUES('e83cb77a-a588-4544-82ed-83408a268a7f',24,'Product',1,1,1,1,'2021-01-04 17:50:22.554 +00:00','2021-04-27 16:04:22.340 +00:00','160f08ac-ab1e-425e-91ff-36f7fdc3220d');
INSERT INTO roleRights VALUES('d2c65932-600d-4845-886f-237bb13a9154',25,'Receipt',1,1,1,1,'2021-01-04 17:50:22.554 +00:00','2021-04-27 16:04:22.340 +00:00','160f08ac-ab1e-425e-91ff-36f7fdc3220d');
INSERT INTO roleRights VALUES('8b4efbe6-2113-43a4-bbfc-928e44198e49',26,'Expense',1,1,1,1,'2021-01-04 17:50:22.554 +00:00','2021-04-27 16:04:22.340 +00:00','160f08ac-ab1e-425e-91ff-36f7fdc3220d');
INSERT INTO roleRights VALUES('e74a1c12-9591-45fc-8921-f8c184e8e960',27,'Payment',1,1,1,1,'2021-01-04 17:50:22.554 +00:00','2021-04-27 16:04:22.340 +00:00','160f08ac-ab1e-425e-91ff-36f7fdc3220d');
INSERT INTO roleRights VALUES('e9e728e2-cc81-43c6-ac8b-f629da135af2',28,'Client',1,1,1,1,'2021-01-04 17:50:22.554 +00:00','2021-04-27 16:04:22.340 +00:00','160f08ac-ab1e-425e-91ff-36f7fdc3220d');
INSERT INTO roleRights VALUES('c5889cf4-3e44-45fd-be43-60110fb0e65c',29,'Order',1,1,1,1,'2021-01-04 17:50:22.554 +00:00','2021-04-27 16:04:22.340 +00:00','160f08ac-ab1e-425e-91ff-36f7fdc3220d');
INSERT INTO roleRights VALUES('447c78a1-753e-4787-b367-37d981820f0b',30,'Invoice',1,1,1,1,'2021-02-19 13:25:07.129 +00:00','2021-04-27 16:04:22.340 +00:00','160f08ac-ab1e-425e-91ff-36f7fdc3220d');
INSERT INTO roleMethods VALUES('a6640562-354a-47d5-9222-e79453cd58a1',1,'ProductRecord','recordsPut',1,'2021-01-04 17:47:34.619 +00:00','2021-04-27 16:03:42.101 +00:00','3d371c0c-10ba-45f4-aba7-ab3dffc6a1f8');
INSERT INTO roleMethods VALUES('03f5a810-157f-45a0-8353-16fa7d2416ce',2,'ProductRecord','balance',1,'2021-01-04 17:47:34.619 +00:00','2021-04-27 16:03:42.101 +00:00','3d371c0c-10ba-45f4-aba7-ab3dffc6a1f8');
INSERT INTO roleMethods VALUES('c2cf0208-ac7f-4cc0-8876-4bcbac74dc1c',3,'ProductRecord','turnover',1,'2021-01-04 17:47:34.619 +00:00','2021-04-27 16:03:42.101 +00:00','3d371c0c-10ba-45f4-aba7-ab3dffc6a1f8');
INSERT INTO roleMethods VALUES('2c3870d4-6b50-47db-8e6f-b1d31b3db021',4,'MoneyRecord','recordsPut',1,'2021-01-04 17:47:34.619 +00:00','2021-04-27 16:03:42.101 +00:00','3d371c0c-10ba-45f4-aba7-ab3dffc6a1f8');
INSERT INTO roleMethods VALUES('d313364e-6c06-47a9-9e7d-ce53e18c2849',5,'MoneyRecord','balance',1,'2021-01-04 17:47:34.619 +00:00','2021-04-27 16:03:42.101 +00:00','3d371c0c-10ba-45f4-aba7-ab3dffc6a1f8');
INSERT INTO roleMethods VALUES('63065c06-7ed8-4c2e-8d0f-e04a8c472184',6,'MoneyRecord','turnover',1,'2021-01-04 17:47:34.619 +00:00','2021-04-27 16:03:42.101 +00:00','3d371c0c-10ba-45f4-aba7-ab3dffc6a1f8');
INSERT INTO roleMethods VALUES('60395be9-5e33-4fec-be27-e68a5da2cfd6',7,'DebtRecord','recordsPut',1,'2021-01-04 17:47:34.619 +00:00','2021-04-27 16:03:42.101 +00:00','3d371c0c-10ba-45f4-aba7-ab3dffc6a1f8');
INSERT INTO roleMethods VALUES('ad26ae39-2a7a-4125-b8ff-09ce3284c9c9',8,'DebtRecord','balance',1,'2021-01-04 17:47:34.619 +00:00','2021-04-27 16:03:42.101 +00:00','3d371c0c-10ba-45f4-aba7-ab3dffc6a1f8');
INSERT INTO roleMethods VALUES('ab8ccb02-e51a-47e0-aa19-4e6885d85b32',9,'DebtRecord','turnover',1,'2021-01-04 17:47:34.619 +00:00','2021-04-27 16:03:42.101 +00:00','3d371c0c-10ba-45f4-aba7-ab3dffc6a1f8');
INSERT INTO roleMethods VALUES('90426755-61f8-4459-a3ee-067c94a6d00d',10,'Receipt','makeRecords',1,'2021-01-04 17:47:34.619 +00:00','2021-04-27 16:03:42.101 +00:00','3d371c0c-10ba-45f4-aba7-ab3dffc6a1f8');
INSERT INTO roleMethods VALUES('3da2d64c-cad4-4276-a41e-4aeb4ab6a290',11,'Expense','makeRecords',1,'2021-01-04 17:47:34.619 +00:00','2021-04-27 16:03:42.101 +00:00','3d371c0c-10ba-45f4-aba7-ab3dffc6a1f8');
INSERT INTO roleMethods VALUES('9b5f42fe-7a6c-476e-bdb2-2ff40458a262',12,'Payment','makeRecords',1,'2021-01-04 17:47:34.619 +00:00','2021-04-27 16:03:42.101 +00:00','3d371c0c-10ba-45f4-aba7-ab3dffc6a1f8');
INSERT INTO roleMethods VALUES('e9fe40d2-f5eb-4e16-a612-fdeec733c387',13,'Order','report',1,'2021-01-04 17:47:34.619 +00:00','2021-04-27 16:03:42.101 +00:00','3d371c0c-10ba-45f4-aba7-ab3dffc6a1f8');
INSERT INTO roleMethods VALUES('bdd77323-1d5c-4e28-b90e-7438211fe873',14,'Order','makeRecords',1,'2021-01-04 17:47:34.619 +00:00','2021-04-27 16:03:42.101 +00:00','3d371c0c-10ba-45f4-aba7-ab3dffc6a1f8');
INSERT INTO roleMethods VALUES('e9975356-29d8-4ed9-a1aa-e3fce966b176',15,'Order','take',1,'2021-01-04 17:47:34.619 +00:00','2021-04-27 16:03:42.101 +00:00','3d371c0c-10ba-45f4-aba7-ab3dffc6a1f8');
INSERT INTO roleMethods VALUES('fa312dbb-4b6e-49c1-8d62-3d38bbd7ade4',1,'DebtRecord','turnover',1,'2021-02-05 15:55:03.948 +00:00','2021-04-27 16:03:49.190 +00:00','d85c8a61-2d7d-4ea1-8395-51163a82fed1');
INSERT INTO roleMethods VALUES('e565018f-6893-4a08-8263-7586b98edcb6',1,'User','getEntities',1,'2021-01-04 17:50:22.570 +00:00','2021-04-27 16:04:22.349 +00:00','160f08ac-ab1e-425e-91ff-36f7fdc3220d');
INSERT INTO roleMethods VALUES('289cb6ab-5af7-4ff3-84d4-d3be1a5c3b15',2,'User','getMethods',1,'2021-01-04 17:50:22.570 +00:00','2021-04-27 16:04:22.349 +00:00','160f08ac-ab1e-425e-91ff-36f7fdc3220d');
INSERT INTO roleMethods VALUES('4af47108-f757-40ad-a43b-4351b19aa903',3,'Settings','set',1,'2021-01-04 17:50:22.570 +00:00','2021-04-27 16:04:22.349 +00:00','160f08ac-ab1e-425e-91ff-36f7fdc3220d');
INSERT INTO roleMethods VALUES('bf9e76f0-cdcb-4334-8fd3-f454b689a61d',4,'Import','import',1,'2021-01-04 17:50:22.570 +00:00','2021-04-27 16:04:22.349 +00:00','160f08ac-ab1e-425e-91ff-36f7fdc3220d');
INSERT INTO roleMethods VALUES('52423c1c-7859-4dbe-bcd2-3be02ad20a69',5,'Trigger','checkTriggers',1,'2021-01-04 17:50:22.570 +00:00','2021-04-27 16:04:22.349 +00:00','160f08ac-ab1e-425e-91ff-36f7fdc3220d');
INSERT INTO roleMethods VALUES('aaac458e-8397-4c46-ad81-c61a66117e0b',6,'Trigger','processTrigger',1,'2021-01-04 17:50:22.570 +00:00','2021-04-27 16:04:22.349 +00:00','160f08ac-ab1e-425e-91ff-36f7fdc3220d');
INSERT INTO roleMethods VALUES('27759bba-81ef-47fc-9102-8babdd6d2cf9',7,'EntityFieldsValuesList','save',1,'2021-01-04 17:50:22.570 +00:00','2021-04-27 16:04:22.349 +00:00','160f08ac-ab1e-425e-91ff-36f7fdc3220d');
INSERT INTO roleMethods VALUES('b1856f8f-5664-4dc5-8f9a-33b524305c60',8,'ProductRecord','recordsPut',1,'2021-01-04 17:50:22.570 +00:00','2021-04-27 16:04:22.349 +00:00','160f08ac-ab1e-425e-91ff-36f7fdc3220d');
INSERT INTO roleMethods VALUES('f61b1f80-5172-4da2-ae9d-4943c7e3ff82',9,'ProductRecord','balance',1,'2021-01-04 17:50:22.570 +00:00','2021-04-27 16:04:22.349 +00:00','160f08ac-ab1e-425e-91ff-36f7fdc3220d');
INSERT INTO roleMethods VALUES('d73e7439-03e5-45ac-ab09-f5f1af026729',10,'ProductRecord','turnover',1,'2021-01-04 17:50:22.570 +00:00','2021-04-27 16:04:22.349 +00:00','160f08ac-ab1e-425e-91ff-36f7fdc3220d');
INSERT INTO roleMethods VALUES('23835a75-104f-43d4-bb0e-a1d183e04067',11,'MoneyRecord','recordsPut',1,'2021-01-04 17:50:22.570 +00:00','2021-04-27 16:04:22.349 +00:00','160f08ac-ab1e-425e-91ff-36f7fdc3220d');
INSERT INTO roleMethods VALUES('67fa1da1-54ba-4d7d-8930-03fe2c1ec604',12,'MoneyRecord','balance',1,'2021-01-04 17:50:22.570 +00:00','2021-04-27 16:04:22.349 +00:00','160f08ac-ab1e-425e-91ff-36f7fdc3220d');
INSERT INTO roleMethods VALUES('05ad4b9b-41e9-4361-b8bf-034e8dfe36d1',13,'MoneyRecord','turnover',1,'2021-01-04 17:50:22.570 +00:00','2021-04-27 16:04:22.349 +00:00','160f08ac-ab1e-425e-91ff-36f7fdc3220d');
INSERT INTO roleMethods VALUES('3188a174-419a-41a7-aab0-2392704d1713',14,'DebtRecord','recordsPut',1,'2021-01-04 17:50:22.570 +00:00','2021-04-27 16:04:22.349 +00:00','160f08ac-ab1e-425e-91ff-36f7fdc3220d');
INSERT INTO roleMethods VALUES('bbfad146-d68f-44d7-978f-cb05fa04fcf0',15,'DebtRecord','balance',1,'2021-01-04 17:50:22.570 +00:00','2021-04-27 16:04:22.349 +00:00','160f08ac-ab1e-425e-91ff-36f7fdc3220d');
INSERT INTO roleMethods VALUES('ac5361bb-3eec-4cdf-9a9a-d61f0098da0c',16,'DebtRecord','turnover',1,'2021-01-04 17:50:22.570 +00:00','2021-04-27 16:04:22.349 +00:00','160f08ac-ab1e-425e-91ff-36f7fdc3220d');
INSERT INTO roleMethods VALUES('c96ce12f-8bc7-4caf-b008-9d985beda912',17,'Receipt','makeRecords',1,'2021-01-04 17:50:22.570 +00:00','2021-04-27 16:04:22.349 +00:00','160f08ac-ab1e-425e-91ff-36f7fdc3220d');
INSERT INTO roleMethods VALUES('5e05da92-22f4-4848-a566-e94c679407c3',18,'Expense','makeRecords',1,'2021-01-04 17:50:22.570 +00:00','2021-04-27 16:04:22.349 +00:00','160f08ac-ab1e-425e-91ff-36f7fdc3220d');
INSERT INTO roleMethods VALUES('8c6a6da2-9580-4abe-9f0f-bcebd7483f11',19,'Payment','makeRecords',1,'2021-01-04 17:50:22.570 +00:00','2021-04-27 16:04:22.349 +00:00','160f08ac-ab1e-425e-91ff-36f7fdc3220d');
INSERT INTO roleMethods VALUES('cbfef307-0213-4532-9011-c64ccf254f8a',20,'Order','report',1,'2021-01-04 17:50:22.570 +00:00','2021-04-27 16:04:22.349 +00:00','160f08ac-ab1e-425e-91ff-36f7fdc3220d');
INSERT INTO roleMethods VALUES('ecd23007-6059-4283-83c6-b0a9b3df23db',21,'Order','makeRecords',1,'2021-01-04 17:50:22.570 +00:00','2021-04-27 16:04:22.349 +00:00','160f08ac-ab1e-425e-91ff-36f7fdc3220d');
INSERT INTO roleMethods VALUES('9323fe39-06c2-42f3-9366-baab23218df6',22,'Order','take',1,'2021-01-04 17:50:22.570 +00:00','2021-04-27 16:04:22.349 +00:00','160f08ac-ab1e-425e-91ff-36f7fdc3220d');
INSERT INTO printtemplates VALUES('bcffd1ac-b7d9-4bfd-8e54-0c156a636a64','Order',replace('<!doctype html>\n<html lang=`en`>\n<head>\n    <!-- Required meta tags -->\n    <meta charset=`utf-8`>\n    <meta name=`viewport` content=`width=device-width, initial-scale=1, shrink-to-fit=no`>\n\n    <!-- Bootstrap CSS -->\n    <link rel=`stylesheet` href=`https://stackpath.bootstrapcdn.com/bootstrap/4.3.1/css/bootstrap.min.css` integrity=`sha384-ggOyR0iXCbMQv3Xipma34MD+dH/1fQ784/j6cY/iJTQUOhcWr7x9JvoRxT2MZw1T` crossorigin=`anonymous`>\n\n    <title>{{Order}}</title>\n    <style>\n        html, body {\n            width: 210mm;\n            height: 297mm;\n        }\n    </style>\n</head>\n<body>\n<div class=`container`>\n    <h3>{{title}}</h3>\n    <p>Company: {{companyName}}</p>\n    <p>Client: {{client.title}}</p>\n    <table class=`table`>\n        <tr>\n            <td>Product</td>\n            <td>Amount</td>\n            <td>Price</td>\n            <td>Sum</td>\n        </tr>\n        {{#each products}}\n        <tr>\n            <td>{{product.title}}</td>\n            <td>{{amount}}</td>\n            <td>{{price}}</td>\n            <td>{{sum}}</td>\n        </tr>\n        {{/each}}\n        <tr>\n            <td colspan=`3`>Total</td>\n            <td>{{total}}</td>\n        </tr>\n    </table>\n\n</div>\n</body>\n</html>\n','\n',char(10)),'2021-01-22 16:45:24.750 +00:00','2021-04-27 16:14:05.571 +00:00');
INSERT INTO printtemplates VALUES('f5ab7f8c-ccd9-42e6-9d16-40decd480c8f','Invoice',replace('  <!doctype html>\n<html lang=`en`>\n  <head>\n  <!-- Required meta tags -->\n<meta charset=`utf-8`>\n  <meta name=`viewport` content=`width=device-width, initial-scale=1, shrink-to-fit=no`>\n\n  <!-- Bootstrap CSS -->\n<link rel=`stylesheet` href=`https://stackpath.bootstrapcdn.com/bootstrap/4.3.1/css/bootstrap.min.css` integrity=`sha384-ggOyR0iXCbMQv3Xipma34MD+dH/1fQ784/j6cY/iJTQUOhcWr7x9JvoRxT2MZw1T` crossorigin=`anonymous`>\n\n  <title>Invoice</title>\n  <style>\n  html, body {\n  width: 210mm;\n  height: 297mm;\n}\n</style>\n</head>\n<body>\n\n<table width=`100%` style=`font-family: Arial;`>\n  <tr style=`display: none;`>\n  <td style=`width: 68%; padding: 20px 0;`>\n</td>\n<td style=`width: 32%; text-align: center; padding: 30px 0;`><img src=`<!--Лого url-->` style=`width: 70%;`></td>\n  </tr>\n\n  </table>\n\n\n  <table width=`100%` border=`2` style=`border-collapse: collapse; width: 100%; font-family: Arial;` cellpadding=`2` cellspacing=`2`>\n  <tr style=``>\n  <td colspan=`2` rowspan=`2` style=`min-height:13mm; width: 105mm;`>\n  <table width=`100%` border=`0` cellpadding=`0` cellspacing=`0` style=`height: 13mm;`>\n  <tr>\n  <td valign=`top`>\n  <div>{{ companyBankName }}</div>\n</td>\n</tr>\n<tr>\n<td valign=`bottom` style=`height: 3mm;`>\n  <div style=`font-size:10pt;`>Bank</div>\n</td>\n</tr>\n</table>\n</td>\n<td style=`min-height:7mm;height:auto; width: 25mm;`>\n  <div>Bank code</div>\n  </td>\n  <td rowspan=`2` style=`vertical-align: top; width: 60mm;`>\n  <div style=` height: 7mm; line-height: 7mm; vertical-align: middle;`>{{companyBankCode}}</div>\n<div>{{companyBankCorrAccount}}</div>\n</td>\n</tr>\n<tr>\n<td style=`width: 25mm;`>\n  <div>Bank Account</div>\n</td>\n</tr>\n<tr>\n<td style=`min-height:6mm; height:auto; width: 50mm;`>\n  <div>{{companyInn}}</div>\n</td>\n<td style=`min-height:6mm; height:auto; width: 55mm;`>\n  <div> {{companyKpp}}</div>\n</td>\n<td rowspan=`2` style=`min-height:19mm; height:auto; vertical-align: top; width: 25mm;`>\n  <div>Account</div>\n</td>\n<td rowspan=`2` style=`min-height:19mm; height:auto; vertical-align: top; width: 60mm;`>\n  <div>{{companyBankAccount}}</div>\n</td>\n</tr>\n<tr>\n<td colspan=`2` style=`min-height:13mm; height:auto;`>\n\n  <table border=`0` cellpadding=`0` cellspacing=`0` style=`height: 13mm; width: 105mm;`>\n  <tr>\n  <td valign=`top`>\n  <div>{{companyName}}</div>\n</td>\n</tr>\n<tr>\n<td valign=`bottom` style=`height: 3mm;`>\n  <div style=`font-size: 10pt;`>Company</div>\n  </td>\n  </tr>\n  </table>\n\n  </td>\n  </tr>\n  </table>\n  <br/>\n\n  <div style=`font-weight: bold; font-size: 25pt; padding-left:5px; font-family: Arial;`>\n  Invoice № {{number}} from {{date}}</div>\n<br/>\n\n<div style=`background-color:#000000; width:100%; font-size:1px; height:2px;`>&nbsp;</div>\n\n<table width=`100%` style=`font-family: Arial;`>\n  <tr>\n  <td style=`width: 30mm; vertical-align: top;`>\n  <div style=` padding-left:2px; `>Company:    </div>\n</td>\n<td>\n<div style=`font-weight:bold;  padding-left:2px;`>\n  {{companyName}} ,  {{companyInn}}/{{companyKpp}}<br>\n<span style=`font-weight: normal;`><!--  address --></span>          </div>\n</td>\n</tr>\n<tr>\n<td style=`width: 30mm; vertical-align: top;`>\n  <div style=` padding-left:2px;`>Buyer:    </div>\n</td>\n<td>\n<div style=`font-weight:bold;  padding-left:2px;`>\n  {{client.title}}<br><span style=`font-weight: normal;`><!-- address--></span>            </div>\n</td>\n</tr>\n</table>\n\n\n<table border=`2` width=`100%` cellpadding=`2` cellspacing=`2` style=`border-collapse: collapse; width: 100%; font-family: Arial;`>\n  <thead>\n  <tr>\n  <th style=`width:13mm; `>№</th>\n\n<th>Products</th>\n<th style=`width:20mm; `>Amount</th>\n  <!--        <th style=`width:17mm; `>Ед.</th> -->\n  <th style=`width:27mm;  `>Price</th>\n  <th style=`width:27mm;  `>Sum</th>\n  </tr>\n  </thead>\n  <tbody >\n  {{#each products}}\n<tr>\n<td style=`width:13mm; `>{{ rowNumber }}</td>\n\n<td> {{ product.title }}</td>\n<td style=`width:20mm; text-align: right;`>{{ amount }}</td>\n<!--        <td style=`width:17mm; `>Шт.</td> -->\n  <td style=`width:27mm; text-align: right; `>{{ price }}</td>\n<td style=`width:27mm; text-align: right; `>{{ sum }}</td>\n</tr>\n{{/ each}}\n</tbody>\n</table>\n\n<table style=`font-family: Arial;` border=`0` width=`100%` cellpadding=`1` cellspacing=`1`>\n  <tr>\n  <td></td>\n  <td style=`width:27mm; font-weight:bold;  text-align:right;`>Total:</td>\n<td style=`width:27mm; font-weight:bold;  text-align: center; `>{{ total }}</td>\n</tr>\n<!--\n<tr>\n<td></td>\n<td style=`width:27mm; font-weight:bold;  text-align:right;`>Итого НДС:</td>\n<td style=`width:27mm; font-weight:bold;  text-align: center; `>0.00</td>\n  </tr>\n  -->\n  <tr>\n  <td></td>\n  <td style=`width:37mm; font-weight:bold;  text-align:right;`>Total:</td>\n  <td style=`width:27mm; font-weight:bold;  text-align: center; `>{{ total }}</td>\n  </tr>\n  </table>\n\n  <br />\n  <div style=`font-family: Arial;`>\n    Total {{products.length}} products  with sum {{total}}.<br />\n  <!-- Ноль рублей 00 копеек --></div>\n  <br /><br />\n  <div style=`background-color:#000000; width:100%; font-size:1px; height:2px;`>&nbsp;</div>\n  <br/>\n  <!--\n  <div style=`font-family: Arial; font-size: 10pt;`>\n    1. Счет действителен в течении 5 (пяти) банковских дней, не считая дня выписки счета. В случае нарушения срока оплаты сохранение цены на товар и наличие товара на складе НЕ ГАРАНТИРУЕТСЯ.<br />\n  2. Оплата данного счета означает согласие с условиями изложенными в п.1</div>\n  <br />\n  -->\n  <br />\n  <div style=`background: url(''<!--url печати в png сюда-->'');  background-repeat: no-repeat; padding: 30px 10px; width: 400px; height: 250px;`>\n  <div style=`width: 85mm;text-align:center;`>М.П.</div>\n    <br/>\n    </div>\n    <br/>  <br /><br /><br/>  <br /><br /><br/>  <br /><br />\n\n    </body>\n    </html>\n','\n',char(10)),'2021-02-19 13:30:08.670 +00:00','2021-04-27 16:27:04.038 +00:00');
INSERT INTO saleschemas VALUES('5e8c5d84-150f-4cfc-a82a-aa5140e2abe9','Main','2020-12-19 10:27:29.461 +00:00','2021-04-27 16:08:10.435 +00:00');
INSERT INTO settings VALUES('b6e819d0-92a5-40c0-aafb-40d847a6cb5d','Company, Inc','2020-12-19 10:28:44.072 +00:00','2021-04-27 16:12:47.319 +00:00','5e8c5d84-150f-4cfc-a82a-aa5140e2abe9','7712345678','779101001','Some Greate Bank','044521234','30101234500000000225','40702810123450101230');
INSERT INTO clients VALUES('749e83a5-765b-4346-8941-ec6cd8ffbf72','Apple, Inc',NULL,NULL,'2020-12-22 15:31:58.595 +00:00','2021-04-27 16:08:30.405 +00:00');
INSERT INTO deals VALUES('0ff7bdc2-4623-4925-b93a-b6d8b3f05080','Apple, Inc','2020-12-22 15:31:52.975 +00:00','2021-04-27 17:10:39.593 +00:00','749e83a5-765b-4346-8941-ec6cd8ffbf72',NULL,'013f3031-a815-4fe1-b7a0-3d9f611dddc8','5e8c5d84-150f-4cfc-a82a-aa5140e2abe9',1,0);
INSERT INTO saleschemaSteps VALUES('64fe5da6-9eab-4ab8-8c30-a5be4a060fae',1,'Contact','2020-12-19 10:27:29.470 +00:00','2021-04-27 16:08:10.459 +00:00','5e8c5d84-150f-4cfc-a82a-aa5140e2abe9');
INSERT INTO saleschemaSteps VALUES('32de2428-127a-4788-875a-b844262c736c',2,'Identifying needs','2020-12-19 10:27:29.470 +00:00','2021-04-27 16:08:10.459 +00:00','5e8c5d84-150f-4cfc-a82a-aa5140e2abe9');
INSERT INTO saleschemaSteps VALUES('20b756ec-5b77-46c8-9e61-61d0cbbd2742',3,'Offer','2020-12-19 10:27:29.470 +00:00','2021-04-27 16:08:10.459 +00:00','5e8c5d84-150f-4cfc-a82a-aa5140e2abe9');
INSERT INTO saleschemaSteps VALUES('4634c3c4-7412-4678-a8fb-55a6d2990a26',4,'Deal','2020-12-19 10:27:29.470 +00:00','2021-04-27 16:08:10.459 +00:00','5e8c5d84-150f-4cfc-a82a-aa5140e2abe9');
INSERT INTO saleschemaSteps VALUES('d28b7626-e602-479a-9773-8b5ac9ecf3d9',5,'Rate','2020-12-19 10:27:29.470 +00:00','2021-04-27 16:08:10.459 +00:00','5e8c5d84-150f-4cfc-a82a-aa5140e2abe9');
INSERT INTO products VALUES('ef941ce4-666c-4967-a4e3-b531c865cb50','Consulting, hour',500,0,'2021-01-04 17:12:49.652 +00:00','2021-04-27 16:08:58.371 +00:00');
INSERT INTO moneyrecords VALUES('e5b25459-3062-4c02-b4a3-34e0a23e661b','2021-02-05 15:56:00.000 +00:00','Payment','86fac734-e5ba-4b0e-81be-daa4e7bc9c11','Payment №1 from 05.02.2021 19:56',10000,'2021-04-27 16:11:15.071 +00:00','2021-04-27 16:11:15.071 +00:00',NULL);
INSERT INTO debtrecords VALUES('ce39fab3-7209-4d90-915f-388b5778caba','2021-02-05 15:55:45.025 +00:00','Order','367550f4-37cb-4233-8ac9-603a746cccb3','Sale №1 from 05.02.2021 19:55',9000,'2021-04-27 16:10:31.073 +00:00','2021-04-27 16:10:31.073 +00:00','749e83a5-765b-4346-8941-ec6cd8ffbf72');
INSERT INTO debtrecords VALUES('ee712a61-30c3-4f67-b501-d59cd5f92c81','2021-02-05 15:57:00.000 +00:00','Order','ef9914c9-9d61-4fce-b771-0630605f1d9c','Sale №2 from 05.02.2021 19:57',4500,'2021-04-27 16:10:34.767 +00:00','2021-04-27 16:10:34.767 +00:00','749e83a5-765b-4346-8941-ec6cd8ffbf72');
INSERT INTO debtrecords VALUES('b1e24fa9-dac3-4911-872b-8c42ae2e9c08','2021-02-05 15:56:00.000 +00:00','Payment','86fac734-e5ba-4b0e-81be-daa4e7bc9c11','Payment №1 from 05.02.2021 19:56',-10000,'2021-04-27 16:11:15.071 +00:00','2021-04-27 16:11:15.071 +00:00','749e83a5-765b-4346-8941-ec6cd8ffbf72');
INSERT INTO payments VALUES('86fac734-e5ba-4b0e-81be-daa4e7bc9c11',1,'2021-02-05 15:56:00.000 +00:00','Payment №1 from 05.02.2021 19:56',10000,NULL,'2021-02-05 15:58:00.774 +00:00','2021-04-27 16:11:15.037 +00:00',NULL);
INSERT INTO paymentClientpayments VALUES('bde0b410-4cb4-4301-b2c8-55e9370d1af9',1,10000,'2021-02-05 15:58:00.791 +00:00','2021-04-27 16:11:15.060 +00:00','749e83a5-765b-4346-8941-ec6cd8ffbf72','86fac734-e5ba-4b0e-81be-daa4e7bc9c11');
INSERT INTO invoices VALUES('232ff5bb-b792-4645-86bb-1ad2e3491348',1,'2021-02-19 13:30:37.425 +00:00','Invoice №1 from 19.02.2021 17:30',4500,NULL,'2021-02-19 13:31:10.986 +00:00','2021-04-27 16:27:12.824 +00:00','749e83a5-765b-4346-8941-ec6cd8ffbf72');
INSERT INTO invoiceProducts VALUES('0c9ce1d9-eb2f-4213-b63d-e61797bc5434',1,3,1500,4500,'2021-02-19 13:31:10.995 +00:00','2021-04-27 16:27:12.840 +00:00','ef941ce4-666c-4967-a4e3-b531c865cb50','232ff5bb-b792-4645-86bb-1ad2e3491348');
INSERT INTO orders VALUES('367550f4-37cb-4233-8ac9-603a746cccb3',1,'2021-02-05 15:55:45.025 +00:00','Sale №1 from 05.02.2021 19:55',NULL,NULL,9000,NULL,NULL,'2021-02-05 15:56:07.857 +00:00','2021-04-27 16:10:31.012 +00:00','749e83a5-765b-4346-8941-ec6cd8ffbf72',NULL);
INSERT INTO orders VALUES('ef9914c9-9d61-4fce-b771-0630605f1d9c',2,'2021-02-05 15:57:00.000 +00:00','Sale №2 from 05.02.2021 19:57',NULL,NULL,4500,NULL,NULL,'2021-02-05 15:56:26.816 +00:00','2021-04-27 16:10:34.737 +00:00','749e83a5-765b-4346-8941-ec6cd8ffbf72',NULL);
INSERT INTO orderProducts VALUES('06f1fad0-bf54-4c8c-a13d-8bcbb6c8af9d',1,1,50,50,'2021-01-04 17:12:56.424 +00:00','2021-01-04 17:12:56.440 +00:00',NULL,NULL);
INSERT INTO orderProducts VALUES('d2acaf04-2a29-44b8-84f5-d4d663342d80',1,6,1500,9000,'2021-02-05 15:56:07.874 +00:00','2021-04-27 16:10:31.057 +00:00','ef941ce4-666c-4967-a4e3-b531c865cb50','367550f4-37cb-4233-8ac9-603a746cccb3');
INSERT INTO orderProducts VALUES('7218e163-5ae8-4958-bcfc-ac0c0513969e',1,3,1500,4500,'2021-02-05 15:56:26.841 +00:00','2021-04-27 16:10:34.751 +00:00','ef941ce4-666c-4967-a4e3-b531c865cb50','ef9914c9-9d61-4fce-b771-0630605f1d9c');
